{
	"display": {
		"icon": {
			"id": "minecraft:honeycomb"
		},
		"title": "oSzoukaua's: Bee Small!",
		"description": {
			"text": "Change the size of bees, from 0.1x to 10x scale!     ",
			"type": "text",
			"extra": [
				{
					"text": "\"",
					"extra": [
						{
							"text": "data modify storage oszu_bs scale set value 0.2",
							"extra": [
								{
									"text": "\"",
									"color": "light_purple"
								}
							],
							"color": "aqua"
						}
					],
					"color": "light_purple"
				}
			],
			"color": "white"
		},
		"background": "minecraft:textures/block/black_concrete.png",
		"show_toast": false,
		"announce_to_chat": false
	},
	"criteria": {
		"base": {
			"trigger": "minecraft:tick"
		}
	},
	"requirements": [
		[
			"base"
		]
	],
	"sends_telemetry_event": false
}